{
  "num_samples": 100,
  "seed": 42,
  "mean_accuracy": 0.9427956586826349,
  "std_accuracy": 0.0038683171081402928,
  "ci_2.5": 0.9345059880239521,
  "ci_97.5": 0.9496725299401197
}